round,accuracy,loss,accepted_clients,timer_seconds,encryption_seconds,aggregation_seconds,round_seconds,communication_bytes,key_bits,quantization_bits
1,0.4323999881744385,2.271275043487549,2,10.0,0.13866140000004634,0.04587020000008124,4.6303383999998005,98880,128,8
2,0.7185999751091003,1.007384181022644,3,15.0,0.27334189999987757,0.05138719999990826,7.084107900000163,153728,128,8
3,0.8159999847412109,0.6122402548789978,3,20.0,0.2632234000000153,0.04585090000000491,6.654273500000045,153728,128,8
4,0.8398000001907349,0.4877862334251404,3,25.0,0.2581778999999642,0.05133700000010322,6.632158300000128,153728,128,8
5,0.8734999895095825,0.355893611907959,3,30.0,0.22808590000022377,0.047724900000048365,6.400720900000124,153728,128,8
6,0.8878999948501587,0.32017937302589417,3,35.0,0.24923100000000886,0.048426800000015646,6.342871500000001,153728,128,8
7,0.9035000205039978,0.2802307903766632,3,40.0,0.2536608000000342,0.044940499999938766,7.511131100000057,153728,128,8
8,0.9086999893188477,0.2661176323890686,3,45.0,0.23484949999988203,0.04858750000016698,6.8263752000000295,153728,128,8
9,0.9168999791145325,0.24549253284931183,3,50.0,0.3028385000000071,0.04668570000012551,7.650475900000174,153728,128,8
10,0.9218999743461609,0.23075620830059052,3,55.0,0.268028299999969,0.04690869999990355,6.908433500000001,153728,128,8
11,0.9291999936103821,0.21333493292331696,3,60.0,0.26286819999995714,0.04951080000000729,6.752471900000046,153728,128,8
12,0.9305999875068665,0.20905596017837524,3,65.0,0.2618995999998788,0.04665279999994709,6.485907300000008,153728,128,8
13,0.9372000098228455,0.18875044584274292,3,70.0,0.3345615999999154,0.08851619999995819,7.681299800000033,153728,128,8
14,0.9394999742507935,0.18281970918178558,3,75.0,0.3185496000000967,0.06422049999991941,7.9938381999998,153728,128,8
15,0.946399986743927,0.16577011346817017,3,80.0,0.2745746999999028,0.0461625999998887,7.282613500000025,153728,128,8
16,0.9470999836921692,0.16249381005764008,3,85.0,0.2584869999998318,0.050844999999981155,6.569434300000012,153728,128,8
17,0.9485999941825867,0.15748083591461182,3,90.0,0.26100210000004154,0.046827699999994365,6.444646899999952,153728,128,8
18,0.949999988079071,0.15358974039554596,3,95.0,0.27223929999991014,0.046193700000003446,6.581893799999989,153728,128,8
19,0.9495999813079834,0.15477851033210754,3,100.0,0.26690050000001975,0.04825529999993705,7.028054999999995,153728,128,8
20,0.9516000151634216,0.1487019956111908,3,105.0,0.2652679000000262,0.051710799999909796,6.795415800000001,153728,128,8
